insert into koejakson_koulutussopimus (id, erikoistuva_laakari_id, erikoistuvan_nimi, erikoistuvan_opiskelijatunnus,
                                       erikoistuvan_syntymaaika, erikoistuvan_yliopisto, opintooikeuden_myontamispaiva,
                                       koejakson_alkamispaiva, erikoistuvan_puhelinnumero, erikoistuvan_sahkoposti,
                                       lahetetty, muokkauspaiva, vastuuhenkilo_id, vastuuhenkilon_nimi,
                                       vastuuhenkilon_nimike, vastuuhenkilo_hyvaksynyt, vastuuhenkilon_kuittausaika,
                                       korjausehdotus)
values (1000, 4000, 'Erkki Erikoistuva', 1234567, '1970-03-01', 'Yliopisto 1', null, '2020-03-11 12:50:31.526020', 01234567, 'erikoistuva1@test.com',
        true, '2020-05-12 12:50:31.526020', 7001, 'Ville Vastuuhenkilo', 'Dekaani', true, '2020-06-02 12:50:31.526020', null);

insert into koejakson_koulutussopimus (id, erikoistuva_laakari_id, erikoistuvan_nimi, erikoistuvan_opiskelijatunnus,
                                       erikoistuvan_syntymaaika, erikoistuvan_yliopisto, opintooikeuden_myontamispaiva,
                                       koejakson_alkamispaiva, erikoistuvan_puhelinnumero, erikoistuvan_sahkoposti,
                                       lahetetty, muokkauspaiva, vastuuhenkilo_id, vastuuhenkilon_nimi,
                                       vastuuhenkilon_nimike, vastuuhenkilo_hyvaksynyt, vastuuhenkilon_kuittausaika,
                                       korjausehdotus)
values (1001, 4001, 'Erik Erikoistuva', 1234567, '1970-03-01', 'Yliopisto 1', null, '2020-03-11 12:50:31.526020', 01234567, 'erikoistuva2@test.com',
        true, '2020-05-17 12:50:31.526020', 7001, 'Ville Vastuuhenkilo', 'Dekaani', true, '2020-05-18 12:50:31.526020', null);

insert into koejakson_koulutussopimus (id, erikoistuva_laakari_id, erikoistuvan_nimi, erikoistuvan_opiskelijatunnus,
                                       erikoistuvan_syntymaaika, erikoistuvan_yliopisto, opintooikeuden_myontamispaiva,
                                       koejakson_alkamispaiva, erikoistuvan_puhelinnumero, erikoistuvan_sahkoposti,
                                       lahetetty, muokkauspaiva, vastuuhenkilo_id, vastuuhenkilon_nimi,
                                       vastuuhenkilon_nimike, vastuuhenkilo_hyvaksynyt, vastuuhenkilon_kuittausaika,
                                       korjausehdotus)
values (1002, 4002, 'Eerika Erikoistuva', 1234567, '1970-03-01', 'Yliopisto 1', null, '2020-03-11 12:50:31.526020', 01234567, 'erikoistuva3@test.com',
        true, '2020-06-04 12:50:31.526020', 7001, 'Ville Vastuuhenkilo', 'Dekaani', true, '2020-06-05 12:50:31.526020', null);

insert into koejakson_koulutussopimus (id, erikoistuva_laakari_id, erikoistuvan_nimi, erikoistuvan_opiskelijatunnus,
                                       erikoistuvan_syntymaaika, erikoistuvan_yliopisto, opintooikeuden_myontamispaiva,
                                       koejakson_alkamispaiva, erikoistuvan_puhelinnumero, erikoistuvan_sahkoposti,
                                       lahetetty, muokkauspaiva, vastuuhenkilo_id, vastuuhenkilon_nimi,
                                       vastuuhenkilon_nimike, vastuuhenkilo_hyvaksynyt, vastuuhenkilon_kuittausaika,
                                       korjausehdotus)
values (1003, 4003, 'Eeva Erikoistuva', 1234567, '1970-03-01', 'Yliopisto 1', null, '2020-03-11 12:50:31.526020', 01234567, 'erikoistuva5@test.com',
        true, '2020-10-08 12:50:31.526020', 7001, 'Ville Vastuuhenkilo', 'Dekaani', true, '2020-06-05 12:50:31.526020', null);

insert into koejakson_koulutussopimus (id, erikoistuva_laakari_id, erikoistuvan_nimi, erikoistuvan_opiskelijatunnus,
                                       erikoistuvan_syntymaaika, erikoistuvan_yliopisto, opintooikeuden_myontamispaiva,
                                       koejakson_alkamispaiva, erikoistuvan_puhelinnumero, erikoistuvan_sahkoposti,
                                       lahetetty, muokkauspaiva, vastuuhenkilo_id, vastuuhenkilon_nimi,
                                       vastuuhenkilon_nimike, vastuuhenkilo_hyvaksynyt, vastuuhenkilon_kuittausaika,
                                       korjausehdotus)
values (1004, 4004, 'Eveliina Erikoistuva', 1234567, '1970-03-01', 'Yliopisto 1', null, '2020-03-11 12:50:31.526020', 01234567, 'erikoistuva6@test.com',
        true, '2020-12-08 12:50:31.526020', 7001, 'Ville Vastuuhenkilo', 'Dekaani', true, '2020-06-05 12:50:31.526020', null);

insert into koejakson_koulutussopimus (id, erikoistuva_laakari_id, erikoistuvan_nimi, erikoistuvan_opiskelijatunnus,
                                       erikoistuvan_syntymaaika, erikoistuvan_yliopisto, opintooikeuden_myontamispaiva,
                                       koejakson_alkamispaiva, erikoistuvan_puhelinnumero, erikoistuvan_sahkoposti,
                                       lahetetty, muokkauspaiva, vastuuhenkilo_id, vastuuhenkilon_nimi,
                                       vastuuhenkilon_nimike, vastuuhenkilo_hyvaksynyt, vastuuhenkilon_kuittausaika,
                                       korjausehdotus)
values (1005, 4005, 'Erkka Erikoistuva', 1234567, '1970-03-01', 'Yliopisto 1', null, '2020-03-11 12:50:31.526020', 01234567, 'erikoistuva7@test.com',
        true, '2020-11-04 12:50:31.526020', 7001, 'Ville Vastuuhenkilo', 'Dekaani', true, '2020-06-05 12:50:31.526020', null);

insert into koejakson_koulutussopimus (id, erikoistuva_laakari_id, erikoistuvan_nimi, erikoistuvan_opiskelijatunnus,
                                       erikoistuvan_syntymaaika, erikoistuvan_yliopisto, opintooikeuden_myontamispaiva,
                                       koejakson_alkamispaiva, erikoistuvan_puhelinnumero, erikoistuvan_sahkoposti,
                                       lahetetty, muokkauspaiva, vastuuhenkilo_id, vastuuhenkilon_nimi,
                                       vastuuhenkilon_nimike, vastuuhenkilo_hyvaksynyt, vastuuhenkilon_kuittausaika,
                                       korjausehdotus)
values (1006, 4006, 'Eevi Erikoistuva', 1234567, '1970-03-01', 'Yliopisto 1', null, '2020-03-11 12:50:31.526020', 01234567, 'erikoistuva8@test.com',
        true, '2021-04-04 12:50:31.526020', 7001, 'Ville Vastuuhenkilo', 'Dekaani', false, null, null);

insert into koejakson_koulutussopimus (id, erikoistuva_laakari_id, erikoistuvan_nimi, erikoistuvan_opiskelijatunnus,
                                       erikoistuvan_syntymaaika, erikoistuvan_yliopisto, opintooikeuden_myontamispaiva,
                                       koejakson_alkamispaiva, erikoistuvan_puhelinnumero, erikoistuvan_sahkoposti,
                                       lahetetty, muokkauspaiva, vastuuhenkilo_id, vastuuhenkilon_nimi,
                                       vastuuhenkilon_nimike, vastuuhenkilo_hyvaksynyt, vastuuhenkilon_kuittausaika,
                                       korjausehdotus)
values (1007, 4007, 'Eija Erikoistuva', 1234567, '1970-03-01', 'Yliopisto 1', null, '2020-03-11 12:50:31.526020', 01234567, 'erikoistuva8@test.com',
        true, '2020-10-01 12:50:31.526020', 7001, 'Ville Vastuuhenkilo', 'Dekaani', true, '2020-10-05 12:50:31.526020', null);

insert into koulutussopimuksen_kouluttaja (id, kouluttaja_id, nimi, nimike, toimipaikka, lahiosoite, postitoimipaikka,
                                           puhelin, sahkoposti, sopimus_hyvaksytty, kuittausaika, koulutussopimus_id)
values (1000, 6001, 'Kalle Kouluttaja', '', '', '', '', '', '',true, '2020-06-05 12:50:31.526020', 1000);

insert into koulutussopimuksen_kouluttaja (id, kouluttaja_id, nimi, nimike, toimipaikka, lahiosoite, postitoimipaikka,
                                           puhelin, sahkoposti, sopimus_hyvaksytty, kuittausaika, koulutussopimus_id)
values (1001, 6001, 'Kalle Kouluttaja', '', '', '', '', '', '',true, '2020-06-05 12:50:31.526020', 1001);

insert into koulutussopimuksen_kouluttaja (id, kouluttaja_id, nimi, nimike, toimipaikka, lahiosoite, postitoimipaikka,
                                           puhelin, sahkoposti, sopimus_hyvaksytty, kuittausaika, koulutussopimus_id)
values (1002, 6001, 'Kalle Kouluttaja', '', '', '', '', '', '',true, '2020-06-05 12:50:31.526020', 1002);

insert into koulutussopimuksen_kouluttaja (id, kouluttaja_id, nimi, nimike, toimipaikka, lahiosoite, postitoimipaikka,
                                           puhelin, sahkoposti, sopimus_hyvaksytty, kuittausaika, koulutussopimus_id)
values (1003, 6001, 'Kalle Kouluttaja', '', '', '', '', '', '',true, '2020-06-05 12:50:31.526020', 1003);

insert into koulutussopimuksen_kouluttaja (id, kouluttaja_id, nimi, nimike, toimipaikka, lahiosoite, postitoimipaikka,
                                           puhelin, sahkoposti, sopimus_hyvaksytty, kuittausaika, koulutussopimus_id)
values (1004, 6001, 'Kalle Kouluttaja', '', '', '', '', '', '',true, '2020-06-05 12:50:31.526020', 1004);

insert into koulutussopimuksen_kouluttaja (id, kouluttaja_id, nimi, nimike, toimipaikka, lahiosoite, postitoimipaikka,
                                           puhelin, sahkoposti, sopimus_hyvaksytty, kuittausaika, koulutussopimus_id)
values (1005, 6001, 'Kalle Kouluttaja', '', '', '', '', '', '',true, '2020-06-05 12:50:31.526020', 1005);

insert into koulutussopimuksen_kouluttaja (id, kouluttaja_id, nimi, nimike, toimipaikka, lahiosoite, postitoimipaikka,
                                           puhelin, sahkoposti, sopimus_hyvaksytty, kuittausaika, koulutussopimus_id)
values (1006, 6001, 'Kalle Kouluttaja', '', '', '', '', '', '',false, '2020-06-05 12:50:31.526020', 1006);

insert into koulutussopimuksen_kouluttaja (id, kouluttaja_id, nimi, nimike, toimipaikka, lahiosoite, postitoimipaikka,
                                           puhelin, sahkoposti, sopimus_hyvaksytty, kuittausaika, koulutussopimus_id)
values (1007, 6001, 'Kalle Kouluttaja', '', '', '', '', '', '',true, '2020-06-05 12:50:31.526020', 1007);

insert into koulutussopimuksen_kouluttaja (id, kouluttaja_id, nimi, nimike, toimipaikka, lahiosoite, postitoimipaikka,
                                           puhelin, sahkoposti, sopimus_hyvaksytty, kuittausaika, koulutussopimus_id)
values (1008, 6002, 'Kaarlo Kouluttaja', '', '', '', '', '', '',true, '2020-06-05 12:50:31.526020', 1000);

insert into koulutussopimuksen_kouluttaja (id, kouluttaja_id, nimi, nimike, toimipaikka, lahiosoite, postitoimipaikka,
                                           puhelin, sahkoposti, sopimus_hyvaksytty, kuittausaika, koulutussopimus_id)
values (1009, 6002, 'Kaarlo Kouluttaja', '', '', '', '', '', '',true, '2020-06-05 12:50:31.526020', 1001);

insert into koulutussopimuksen_kouluttaja (id, kouluttaja_id, nimi, nimike, toimipaikka, lahiosoite, postitoimipaikka,
                                           puhelin, sahkoposti, sopimus_hyvaksytty, kuittausaika, koulutussopimus_id)
values (1010, 6002, 'Kaarlo Kouluttaja', '', '', '', '', '', '',true, '2020-06-05 12:50:31.526020', 1002);

insert into koulutussopimuksen_kouluttaja (id, kouluttaja_id, nimi, nimike, toimipaikka, lahiosoite, postitoimipaikka,
                                           puhelin, sahkoposti, sopimus_hyvaksytty, kuittausaika, koulutussopimus_id)
values (1011, 6002, 'Kaarlo Kouluttaja', '', '', '', '', '', '',true, '2020-06-05 12:50:31.526020', 1003);

insert into koulutussopimuksen_kouluttaja (id, kouluttaja_id, nimi, nimike, toimipaikka, lahiosoite, postitoimipaikka,
                                           puhelin, sahkoposti, sopimus_hyvaksytty, kuittausaika, koulutussopimus_id)
values (1012, 6002, 'Kaarlo Kouluttaja', '', '', '', '', '', '',true, '2020-06-05 12:50:31.526020', 1004);

insert into koulutussopimuksen_kouluttaja (id, kouluttaja_id, nimi, nimike, toimipaikka, lahiosoite, postitoimipaikka,
                                           puhelin, sahkoposti, sopimus_hyvaksytty, kuittausaika, koulutussopimus_id)
values (1013, 6002, 'Kaarlo Kouluttaja', '', '', '', '', '', '',true, '2020-06-05 12:50:31.526020', 1005);

insert into koulutussopimuksen_kouluttaja (id, kouluttaja_id, nimi, nimike, toimipaikka, lahiosoite, postitoimipaikka,
                                           puhelin, sahkoposti, sopimus_hyvaksytty, kuittausaika, koulutussopimus_id)
values (1014, 6002, 'Kaarlo Kouluttaja', '', '', '', '', '', '',true, '2020-06-05 12:50:31.526020', 1006);

insert into koulutussopimuksen_kouluttaja (id, kouluttaja_id, nimi, nimike, toimipaikka, lahiosoite, postitoimipaikka,
                                           puhelin, sahkoposti, sopimus_hyvaksytty, kuittausaika, koulutussopimus_id)
values (1015, 6002, 'Kaarlo Kouluttaja', '', '', '', '', '', '',true, '2020-06-05 12:50:31.526020', 1007);

insert into koejakson_aloituskeskustelu (id, erikoistuva_laakari_id, erikoistuvan_nimi, erikoistuvan_erikoisala,
                                         erikoistuvan_opiskelijatunnus, erikoistuvan_yliopisto, erikoistuvan_sahkoposti,
                                         koejakson_suorituspaikka, koejakson_toinen_suorituspaikka,
                                         koejakson_alkamispaiva, koejakson_paattymispaiva, suoritettu_kokoaikatyossa,
                                         tyotunnit_viikossa, lahikouluttaja_id, lahikouluttajan_nimi,
                                         lahikouluttaja_hyvaksynyt, lahikouluttajan_kuittausaika, lahiesimies_id,
                                         lahiesimiehen_nimi, lahiesimies_hyvaksynyt, lahiesimiehen_kuittausaika,
                                         koejakson_osaamistavoitteet, lahetetty, muokkauspaiva, korjausehdotus)
values (1010, 4000, 'Erkki Erikoistuva', 'Työterveyshuolto', 1234567, 'Yliopisto 1', '', 'Meilahden sairaala', '', '2020-11-30 12:50:31.526020',
        '2021-05-30 12:50:31.526020', true, 40, 6001, 'Kalle Kouluttaja', true, '2021-06-01 12:50:31.526020', 6002, '', true, '2021-06-01 12:50:31.526020',
        '', true, '2020-09-30 12:50:31.526020', '');

insert into koejakson_aloituskeskustelu (id, erikoistuva_laakari_id, erikoistuvan_nimi, erikoistuvan_erikoisala,
                                         erikoistuvan_opiskelijatunnus, erikoistuvan_yliopisto, erikoistuvan_sahkoposti,
                                         koejakson_suorituspaikka, koejakson_toinen_suorituspaikka,
                                         koejakson_alkamispaiva, koejakson_paattymispaiva, suoritettu_kokoaikatyossa,
                                         tyotunnit_viikossa, lahikouluttaja_id, lahikouluttajan_nimi,
                                         lahikouluttaja_hyvaksynyt, lahikouluttajan_kuittausaika, lahiesimies_id,
                                         lahiesimiehen_nimi, lahiesimies_hyvaksynyt, lahiesimiehen_kuittausaika,
                                         koejakson_osaamistavoitteet, lahetetty, muokkauspaiva, korjausehdotus)
values (1011, 4001, 'Erik Erikoistuva', 'Työterveyshuolto', 1234567, 'Yliopisto 1', '', 'Meilahden sairaala', '', '2020-09-30 12:50:31.526020',
        '2021-03-30 12:50:31.526020', true, 40, 6001, 'Kalle Kouluttaja', true, '2021-04-01 12:50:31.526020', 6002, '', true, '2021-04-01 12:50:31.526020',
        '', true, '2021-01-01 12:50:31.526020', '');

insert into koejakson_aloituskeskustelu (id, erikoistuva_laakari_id, erikoistuvan_nimi, erikoistuvan_erikoisala,
                                         erikoistuvan_opiskelijatunnus, erikoistuvan_yliopisto, erikoistuvan_sahkoposti,
                                         koejakson_suorituspaikka, koejakson_toinen_suorituspaikka,
                                         koejakson_alkamispaiva, koejakson_paattymispaiva, suoritettu_kokoaikatyossa,
                                         tyotunnit_viikossa, lahikouluttaja_id, lahikouluttajan_nimi,
                                         lahikouluttaja_hyvaksynyt, lahikouluttajan_kuittausaika, lahiesimies_id,
                                         lahiesimiehen_nimi, lahiesimies_hyvaksynyt, lahiesimiehen_kuittausaika,
                                         koejakson_osaamistavoitteet, lahetetty, muokkauspaiva, korjausehdotus)
values (1012, 4002, 'Eerika Erikoistuva', 'Työterveyshuolto', 1234567, 'Yliopisto 1', '', 'Meilahden sairaala', '', '2020-11-30 12:50:31.526020',
        '2021-05-30 12:50:31.526020', true, 40, 6001, 'Kalle Kouluttaja', true, '2021-06-01 12:50:31.526020', 6002, '', true, '2021-06-01 12:50:31.526020',
        '', true, '2021-02-01 12:50:31.526020', '');

insert into koejakson_aloituskeskustelu (id, erikoistuva_laakari_id, erikoistuvan_nimi, erikoistuvan_erikoisala,
                                         erikoistuvan_opiskelijatunnus, erikoistuvan_yliopisto, erikoistuvan_sahkoposti,
                                         koejakson_suorituspaikka, koejakson_toinen_suorituspaikka,
                                         koejakson_alkamispaiva, koejakson_paattymispaiva, suoritettu_kokoaikatyossa,
                                         tyotunnit_viikossa, lahikouluttaja_id, lahikouluttajan_nimi,
                                         lahikouluttaja_hyvaksynyt, lahikouluttajan_kuittausaika, lahiesimies_id,
                                         lahiesimiehen_nimi, lahiesimies_hyvaksynyt, lahiesimiehen_kuittausaika,
                                         koejakson_osaamistavoitteet, lahetetty, muokkauspaiva, korjausehdotus)
values (1013, 4003, 'Eeva Erikoistuva', 'Työterveyshuolto', 1234567, 'Yliopisto 1', '', 'Meilahden sairaala', '', '2020-11-30 12:50:31.526020',
        '2021-05-30 12:50:31.526020', true, 40, 6001, 'Kalle Kouluttaja', false, '2021-06-01 12:50:31.526020', 6002, '', false, '2021-06-01 12:50:31.526020',
        '', true, '2021-03-01 12:50:31.526020', '');

insert into koejakson_aloituskeskustelu (id, erikoistuva_laakari_id, erikoistuvan_nimi, erikoistuvan_erikoisala,
                                         erikoistuvan_opiskelijatunnus, erikoistuvan_yliopisto, erikoistuvan_sahkoposti,
                                         koejakson_suorituspaikka, koejakson_toinen_suorituspaikka,
                                         koejakson_alkamispaiva, koejakson_paattymispaiva, suoritettu_kokoaikatyossa,
                                         tyotunnit_viikossa, lahikouluttaja_id, lahikouluttajan_nimi,
                                         lahikouluttaja_hyvaksynyt, lahikouluttajan_kuittausaika, lahiesimies_id,
                                         lahiesimiehen_nimi, lahiesimies_hyvaksynyt, lahiesimiehen_kuittausaika,
                                         koejakson_osaamistavoitteet, lahetetty, muokkauspaiva, korjausehdotus)
values (1014, 4004, 'Eveliina Erikoistuva', 'Työterveyshuolto', 1234567, 'Yliopisto 1', '', 'Meilahden sairaala', '', '2020-11-30 12:50:31.526020',
        '2021-05-30 12:50:31.526020', true, 40, 6001, 'Kalle Kouluttaja', true, '2021-06-01 12:50:31.526020', 6002, '', true, '2021-06-01 12:50:31.526020',
        '', true, '2021-04-01 12:50:31.526020', '');

insert into koejakson_aloituskeskustelu (id, erikoistuva_laakari_id, erikoistuvan_nimi, erikoistuvan_erikoisala,
                                         erikoistuvan_opiskelijatunnus, erikoistuvan_yliopisto, erikoistuvan_sahkoposti,
                                         koejakson_suorituspaikka, koejakson_toinen_suorituspaikka,
                                         koejakson_alkamispaiva, koejakson_paattymispaiva, suoritettu_kokoaikatyossa,
                                         tyotunnit_viikossa, lahikouluttaja_id, lahikouluttajan_nimi,
                                         lahikouluttaja_hyvaksynyt, lahikouluttajan_kuittausaika, lahiesimies_id,
                                         lahiesimiehen_nimi, lahiesimies_hyvaksynyt, lahiesimiehen_kuittausaika,
                                         koejakson_osaamistavoitteet, lahetetty, muokkauspaiva, korjausehdotus)
values (1015, 4005, 'Erkka Erikoistuva', 'Työterveyshuolto', 1234567, 'Yliopisto 1', '', 'Meilahden sairaala', '', '2020-11-30 12:50:31.526020',
        '2021-05-30 12:50:31.526020', true, 40, 6001, 'Kalle Kouluttaja', true, '2021-06-01 12:50:31.526020', 6002, '', true, '2021-06-01 12:50:31.526020',
        '', true, '2021-03-05 12:50:31.526020', '');

insert into koejakson_aloituskeskustelu (id, erikoistuva_laakari_id, erikoistuvan_nimi, erikoistuvan_erikoisala,
                                         erikoistuvan_opiskelijatunnus, erikoistuvan_yliopisto, erikoistuvan_sahkoposti,
                                         koejakson_suorituspaikka, koejakson_toinen_suorituspaikka,
                                         koejakson_alkamispaiva, koejakson_paattymispaiva, suoritettu_kokoaikatyossa,
                                         tyotunnit_viikossa, lahikouluttaja_id, lahikouluttajan_nimi,
                                         lahikouluttaja_hyvaksynyt, lahikouluttajan_kuittausaika, lahiesimies_id,
                                         lahiesimiehen_nimi, lahiesimies_hyvaksynyt, lahiesimiehen_kuittausaika,
                                         koejakson_osaamistavoitteet, lahetetty, muokkauspaiva, korjausehdotus)
values (1016, 4007, 'Eija Erikoistuva', 'Työterveyshuolto', 1234567, 'Yliopisto 1', '', 'Meilahden sairaala', '', '2020-11-30 12:50:31.526020',
        '2021-05-30 12:50:31.526020', true, 40, 6001, 'Kalle Kouluttaja', true, '2021-06-01 12:50:31.526020', 6002, '', true, '2021-06-01 12:50:31.526020',
        '', true, '2020-12-20 12:50:31.526020', '');

insert into koejakson_valiarviointi (id, erikoistuva_laakari_id, erikoistuvan_nimi, erikoistuvan_erikoisala,
                                     erikoistuvan_opiskelijatunnus, erikoistuvan_yliopisto,
                                     edistyminen_tavoitteiden_mukaista, vahvuudet, kehittamistoimenpiteet,
                                     lahikouluttaja_id, lahikouluttajan_nimi, lahikouluttaja_hyvaksynyt,
                                     lahikouluttajan_kuittausaika, lahiesimies_id, lahiesimiehen_nimi,
                                     lahiesimies_hyvaksynyt, lahiesimiehen_kuittausaika, muokkauspaiva, korjausehdotus,
                                     erikoistuva_allekirjoittanut)
values (1020, 4000, 'Erkki Erikoistuva', 'Työterveyshuolto', 1234567, 'Yliopisto 1', true, '', '', 6001, '', true, '2021-03-30 12:50:31.526020',
        6002, '', true, '2021-03-30 12:50:31.526020', '2021-05-01 12:50:31.526020', '', true);

insert into koejakson_valiarviointi (id, erikoistuva_laakari_id, erikoistuvan_nimi, erikoistuvan_erikoisala,
                                     erikoistuvan_opiskelijatunnus, erikoistuvan_yliopisto,
                                     edistyminen_tavoitteiden_mukaista, vahvuudet, kehittamistoimenpiteet,
                                     lahikouluttaja_id, lahikouluttajan_nimi, lahikouluttaja_hyvaksynyt,
                                     lahikouluttajan_kuittausaika, lahiesimies_id, lahiesimiehen_nimi,
                                     lahiesimies_hyvaksynyt, lahiesimiehen_kuittausaika, muokkauspaiva, korjausehdotus,
                                     erikoistuva_allekirjoittanut)
values (1021, 4001, 'Erik Erikoistuva', 'Työterveyshuolto', 1234567, 'Yliopisto 1', true, '', '', 6001, '', true, '2021-03-30 12:50:31.526020',
        6002, '', true, '2021-03-30 12:50:31.526020', '2021-03-06 12:50:31.526020', '', true);

insert into koejakson_valiarviointi (id, erikoistuva_laakari_id, erikoistuvan_nimi, erikoistuvan_erikoisala,
                                     erikoistuvan_opiskelijatunnus, erikoistuvan_yliopisto,
                                     edistyminen_tavoitteiden_mukaista, vahvuudet, kehittamistoimenpiteet,
                                     lahikouluttaja_id, lahikouluttajan_nimi, lahikouluttaja_hyvaksynyt,
                                     lahikouluttajan_kuittausaika, lahiesimies_id, lahiesimiehen_nimi,
                                     lahiesimies_hyvaksynyt, lahiesimiehen_kuittausaika, muokkauspaiva, korjausehdotus,
                                     erikoistuva_allekirjoittanut)
values (1022, 4002, 'Eerika Erikoistuva', 'Työterveyshuolto', 1234567, 'Yliopisto 1', true, '', '', 6001, '', true, '2021-03-30 12:50:31.526020',
        6002, '', true, '2021-03-30 12:50:31.526020', '2021-03-22 12:50:31.526020', '', true);

insert into koejakson_valiarviointi (id, erikoistuva_laakari_id, erikoistuvan_nimi, erikoistuvan_erikoisala,
                                     erikoistuvan_opiskelijatunnus, erikoistuvan_yliopisto,
                                     edistyminen_tavoitteiden_mukaista, vahvuudet, kehittamistoimenpiteet,
                                     lahikouluttaja_id, lahikouluttajan_nimi, lahikouluttaja_hyvaksynyt,
                                     lahikouluttajan_kuittausaika, lahiesimies_id, lahiesimiehen_nimi,
                                     lahiesimies_hyvaksynyt, lahiesimiehen_kuittausaika, muokkauspaiva, korjausehdotus,
                                     erikoistuva_allekirjoittanut)
values (1023, 4004, 'Eveliina Erikoistuva', 'Työterveyshuolto', 1234567, 'Yliopisto 1', true, '', '', 6001, '', true, '2021-03-30 12:50:31.526020',
        6002, '', true, '2021-06-03 12:50:31.526020', '2021-03-22 12:50:31.526020', '', true);

insert into koejakson_valiarviointi (id, erikoistuva_laakari_id, erikoistuvan_nimi, erikoistuvan_erikoisala,
                                     erikoistuvan_opiskelijatunnus, erikoistuvan_yliopisto,
                                     edistyminen_tavoitteiden_mukaista, vahvuudet, kehittamistoimenpiteet,
                                     lahikouluttaja_id, lahikouluttajan_nimi, lahikouluttaja_hyvaksynyt,
                                     lahikouluttajan_kuittausaika, lahiesimies_id, lahiesimiehen_nimi,
                                     lahiesimies_hyvaksynyt, lahiesimiehen_kuittausaika, muokkauspaiva, korjausehdotus,
                                     erikoistuva_allekirjoittanut)
values (1024, 4005, 'Erkka Erikoistuva', 'Työterveyshuolto', 1234567, 'Yliopisto 1', true, '', '', 6001, '', true, '2021-03-30 12:50:31.526020',
        6002, '', false, '2021-06-03 12:50:31.526020', '2021-03-22 12:50:31.526020', '', false);

insert into koejakson_valiarviointi (id, erikoistuva_laakari_id, erikoistuvan_nimi, erikoistuvan_erikoisala,
                                     erikoistuvan_opiskelijatunnus, erikoistuvan_yliopisto,
                                     edistyminen_tavoitteiden_mukaista, vahvuudet, kehittamistoimenpiteet,
                                     lahikouluttaja_id, lahikouluttajan_nimi, lahikouluttaja_hyvaksynyt,
                                     lahikouluttajan_kuittausaika, lahiesimies_id, lahiesimiehen_nimi,
                                     lahiesimies_hyvaksynyt, lahiesimiehen_kuittausaika, muokkauspaiva, korjausehdotus,
                                     erikoistuva_allekirjoittanut)
values (1025, 4007, 'Eija Erikoistuva', 'Työterveyshuolto', 1234567, 'Yliopisto 1', true, '', '', 6001, '', false, '2021-03-30 12:50:31.526020',
        6002, '', false, '2021-06-03 12:50:31.526020', '2021-03-22 12:50:31.526020', '', false);

insert into koejakson_kehittamistoimenpiteet (id, erikoistuva_laakari_id, erikoistuvan_nimi, erikoistuvan_erikoisala,
                                              erikoistuvan_opiskelijatunnus, erikoistuvan_yliopisto,
                                              kehittamistoimenpiteet_riittavat, lahikouluttaja_id, lahikouluttajan_nimi,
                                              lahikouluttaja_hyvaksynyt, lahikouluttajan_kuittausaika, lahiesimies_id,
                                              lahiesimiehen_nimi, lahiesimies_hyvaksynyt, lahiesimiehen_kuittausaika,
                                              muokkauspaiva, korjausehdotus, erikoistuva_allekirjoittanut)
values (1030, 4000, 'Erkki Erikoistuva', 'Työterveyshuolto', 1234567, 'Yliopisto 1', true, 6001, '', true, '2021-03-30 12:50:31.526020',
        6002, '', true, '2021-03-30 12:50:31.526020', '2021-04-30 12:50:31.526020', '', true);

insert into koejakson_kehittamistoimenpiteet (id, erikoistuva_laakari_id, erikoistuvan_nimi, erikoistuvan_erikoisala,
                                              erikoistuvan_opiskelijatunnus, erikoistuvan_yliopisto,
                                              kehittamistoimenpiteet_riittavat, lahikouluttaja_id, lahikouluttajan_nimi,
                                              lahikouluttaja_hyvaksynyt, lahikouluttajan_kuittausaika, lahiesimies_id,
                                              lahiesimiehen_nimi, lahiesimies_hyvaksynyt, lahiesimiehen_kuittausaika,
                                              muokkauspaiva, korjausehdotus, erikoistuva_allekirjoittanut)
values (1031, 4001, 'Erik Erikoistuva', 'Työterveyshuolto', 1234567, 'Yliopisto 1', true, 6001, '', true, '2021-03-30 12:50:31.526020',
        6002, '', true, '2021-03-30 12:50:31.526020', '2021-04-01 12:50:31.526020', '', true);

insert into koejakson_kehittamistoimenpiteet (id, erikoistuva_laakari_id, erikoistuvan_nimi, erikoistuvan_erikoisala,
                                              erikoistuvan_opiskelijatunnus, erikoistuvan_yliopisto,
                                              kehittamistoimenpiteet_riittavat, lahikouluttaja_id, lahikouluttajan_nimi,
                                              lahikouluttaja_hyvaksynyt, lahikouluttajan_kuittausaika, lahiesimies_id,
                                              lahiesimiehen_nimi, lahiesimies_hyvaksynyt, lahiesimiehen_kuittausaika,
                                              muokkauspaiva, korjausehdotus, erikoistuva_allekirjoittanut)
values (1032, 4002, 'Eerika Erikoistuva', 'Työterveyshuolto', 1234567, 'Yliopisto 1', false, 6001, '', false, '2021-03-30 12:50:31.526020',
        6002, '', false, '2021-03-30 12:50:31.526020', '2021-05-11 12:50:31.526020', 'Korjausehdotus', false);

insert into koejakson_kehittamistoimenpiteet (id, erikoistuva_laakari_id, erikoistuvan_nimi, erikoistuvan_erikoisala,
                                              erikoistuvan_opiskelijatunnus, erikoistuvan_yliopisto,
                                              kehittamistoimenpiteet_riittavat, lahikouluttaja_id, lahikouluttajan_nimi,
                                              lahikouluttaja_hyvaksynyt, lahikouluttajan_kuittausaika, lahiesimies_id,
                                              lahiesimiehen_nimi, lahiesimies_hyvaksynyt, lahiesimiehen_kuittausaika,
                                              muokkauspaiva, korjausehdotus, erikoistuva_allekirjoittanut)
values (1033, 4004, 'Eveliina Erikoistuva', 'Työterveyshuolto', 1234567, 'Yliopisto 1', true, 6001, '', true, '2021-03-30 12:50:31.526020',
        6002, '', true, '2021-03-30 12:50:31.526020', '2021-04-11 12:50:31.526020', 'Korjausehdotus', true);


insert into koejakson_loppukeskustelu (id, erikoistuva_laakari_id, erikoistuvan_nimi, erikoistuvan_erikoisala,
                                       erikoistuvan_opiskelijatunnus, erikoistuvan_yliopisto,
                                       esitetaan_koejakson_hyvaksymista, lahikouluttaja_id, lahikouluttajan_nimi,
                                       lahikouluttaja_hyvaksynyt, lahikouluttajan_kuittausaika, lahiesimies_id,
                                       lahiesimiehen_nimi, lahiesimies_hyvaksynyt, lahiesimiehen_kuittausaika,
                                       muokkauspaiva, korjausehdotus, erikoistuva_allekirjoittanut)
values (1040, 4000, 'Erkki Erikoistuva', 'Työterveyshuolto', 1234567, 'Yliopisto 1', true, 6001, '', true, '2021-04-30 12:50:31.526020',
        6002, '', true, '2021-03-30 12:50:31.526020', '2021-05-30 12:50:31.526020', '', true);

insert into koejakson_loppukeskustelu (id, erikoistuva_laakari_id, erikoistuvan_nimi, erikoistuvan_erikoisala,
                                       erikoistuvan_opiskelijatunnus, erikoistuvan_yliopisto,
                                       esitetaan_koejakson_hyvaksymista, lahikouluttaja_id, lahikouluttajan_nimi,
                                       lahikouluttaja_hyvaksynyt, lahikouluttajan_kuittausaika, lahiesimies_id,
                                       lahiesimiehen_nimi, lahiesimies_hyvaksynyt, lahiesimiehen_kuittausaika,
                                       muokkauspaiva, korjausehdotus, erikoistuva_allekirjoittanut)
values (1041, 4001, 'Erik Erikoistuva', 'Työterveyshuolto', 1234567, 'Yliopisto 1', true, 6001, '', false, '2021-04-30 12:50:31.526020',
        6002, '', false, null, '2021-05-30 12:50:31.526020', '', false);

insert into koejakson_loppukeskustelu (id, erikoistuva_laakari_id, erikoistuvan_nimi, erikoistuvan_erikoisala,
                                       erikoistuvan_opiskelijatunnus, erikoistuvan_yliopisto,
                                       esitetaan_koejakson_hyvaksymista, lahikouluttaja_id, lahikouluttajan_nimi,
                                       lahikouluttaja_hyvaksynyt, lahikouluttajan_kuittausaika, lahiesimies_id,
                                       lahiesimiehen_nimi, lahiesimies_hyvaksynyt, lahiesimiehen_kuittausaika,
                                       muokkauspaiva, korjausehdotus, erikoistuva_allekirjoittanut)
values (1042, 4004, 'Eveliina Erikoistuva', 'Työterveyshuolto', 1234567, 'Yliopisto 1', true, 6001, '', true, '2021-04-30 12:50:31.526020',
        6002, '', true, null, '2021-05-30 12:50:31.526020', '', true);


insert into koejakson_vastuuhenkilon_arvio (id, erikoistuva_laakari_id, erikoistuvan_nimi, erikoistuvan_erikoisala,
                                            erikoistuvan_opiskelijatunnus, erikoistuvan_yliopisto, vastuuhenkilo_id,
                                            vastuuhenkilon_nimi, vastuuhenkilo_hyvaksynyt, vastuuhenkilon_kuittausaika,
                                            muokkauspaiva, erikoistuva_allekirjoittanut)
values (1050, 4000, 'Erkki Erikoistuva', 'Työterveyshuolto', 1234567, 'Yliopisto 1', 7001, '', false, null,  '2021-06-05 12:50:31.526020', false);

insert into koejakson_vastuuhenkilon_arvio (id, erikoistuva_laakari_id, erikoistuvan_nimi, erikoistuvan_erikoisala,
                                            erikoistuvan_opiskelijatunnus, erikoistuvan_yliopisto, vastuuhenkilo_id,
                                            vastuuhenkilon_nimi, vastuuhenkilo_hyvaksynyt, vastuuhenkilon_kuittausaika,
                                            muokkauspaiva, erikoistuva_allekirjoittanut)
values (1051, 4004, 'Eveliina Erikoistuva', 'Työterveyshuolto', 1234567, 'Yliopisto 1', 7001, '', true, null,  '2021-06-17 12:50:31.526020', false);
